x,pollutant_concentration,oxygen_concentration
0,6,12
0.1,5.90083,11.9
0.2,5.8033,11.8037
0.3,5.70738,11.7111
0.4,5.61304,11.622
0.5,5.52027,11.5363
0.6,5.42902,11.454
0.7,5.33929,11.3749
0.8,5.25104,11.2989
0.9,5.16425,11.226
1,5.07889,11.156
1.1,4.99494,11.089
1.2,4.91238,11.0247
1.3,4.83119,10.9632
1.4,4.75134,10.9042
1.5,4.6728,10.8479
1.6,4.59557,10.794
1.7,4.51961,10.7425
1.8,4.44491,10.6934
1.9,4.37144,10.6465
2,4.29919,10.6019
2.1,4.22813,10.5594
2.2,4.15824,10.5189
2.3,4.08951,10.4805
2.4,4.02192,10.444
2.5,3.95544,10.4093
2.6,3.89007,10.3766
2.7,3.82577,10.3455
2.8,3.76253,10.3162
2.9,3.70035,10.2886
3,3.63918,10.2626
3.1,3.57903,10.2381
3.2,3.51988,10.2152
3.3,3.4617,10.1937
3.4,3.40448,10.1736
3.5,3.34821,10.155
3.6,3.29287,10.1376
3.7,3.23844,10.1215
3.8,3.18492,10.1067
3.9,3.13227,10.093
4,3.0805,10.0806
4.1,3.02959,10.0692
4.2,2.97951,10.0589
4.3,2.93026,10.0497
4.4,2.88183,10.0415
4.5,2.8342,10.0343
4.6,2.78735,10.028
4.7,2.74128,10.0226
4.8,2.69597,10.0181
4.9,2.65141,10.0145
5,2.60759,10.0117
5.1,2.56449,10.0096
5.2,2.5221,10.0084
5.3,2.48042,10.0078
5.4,2.43942,10.008
5.5,2.3991,10.0088
5.6,2.35944,10.0103
5.7,2.32045,10.0124
5.8,2.28209,10.0152
5.9,2.24437,10.0185
6,2.20728,10.0224
6.1,2.17079,10.0268
6.2,2.13491,10.0317
6.3,2.09963,10.0371
6.4,2.06492,10.043
6.5,2.03079,10.0494
6.6,1.99723,10.0562
6.7,1.96422,10.0634
6.8,1.93175,10.071
6.9,1.89982,10.079
7,1.86842,10.0873
7.1,1.83754,10.0961
7.2,1.80717,10.1051
7.3,1.7773,10.1144
7.4,1.74792,10.1241
7.5,1.71903,10.1341
7.6,1.69062,10.1443
7.7,1.66267,10.1548
7.8,1.63519,10.1655
7.9,1.60816,10.1765
8,1.58158,10.1877
8.1,1.55544,10.199
8.2,1.52973,10.2106
8.3,1.50445,10.2224
8.4,1.47958,10.2344
8.5,1.45513,10.2465
8.6,1.43108,10.2588
8.7,1.40742,10.2712
8.8,1.38416,10.2838
8.9,1.36128,10.2965
9,1.33878,10.3093
9.1,1.31665,10.3222
9.2,1.29489,10.3352
9.3,1.27349,10.3483
9.4,1.25244,10.3615
9.5,1.23174,10.3747
9.6,1.21138,10.3881
9.7,1.19136,10.4015
9.8,1.17167,10.4149
9.9,1.1523,10.4284
10,1.13325,10.4419
10.1,1.11452,10.4555
10.2,1.0961,10.4691
10.3,1.07798,10.4827
10.4,1.06017,10.4964
10.5,1.04264,10.51
10.6,1.02541,10.5237
10.7,1.00846,10.5374
10.8,0.991793,10.551
10.9,0.9754,10.5647
11,0.959278,10.5783
11.1,0.943423,10.592
11.2,0.92783,10.6056
11.3,0.912494,10.6192
11.4,0.897412,10.6327
11.5,0.882579,10.6462
11.6,0.867991,10.6597
11.7,0.853644,10.6732
11.8,0.839535,10.6866
11.9,0.825659,10.7
12,0.812012,10.7133
12.1,0.79859,10.7266
12.2,0.785391,10.7398
12.3,0.772409,10.753
12.4,0.759643,10.7661
12.5,0.747087,10.7791
12.6,0.734739,10.7921
12.7,0.722594,10.805
12.8,0.710651,10.8179
12.9,0.698905,10.8306
13,0.687353,10.8434
13.1,0.675992,10.856
13.2,0.664819,10.8686
13.3,0.65383,10.8811
13.4,0.643024,10.8935
13.5,0.632395,10.9058
13.6,0.621943,10.9181
13.7,0.611663,10.9302
13.8,0.601553,10.9423
13.9,0.59161,10.9543
14,0.581832,10.9663
14.1,0.572215,10.9781
14.2,0.562757,10.9899
14.3,0.553456,11.0015
14.4,0.544308,11.0131
14.5,0.535311,11.0246
14.6,0.526463,11.036
14.7,0.517762,11.0473
14.8,0.509204,11.0585
14.9,0.500787,11.0696
15,0.49251,11.0807
15.1,0.48437,11.0916
15.2,0.476364,11.1025
15.3,0.46849,11.1132
15.4,0.460747,11.1239
15.5,0.453131,11.1345
15.6,0.445641,11.145
15.7,0.438276,11.1553
15.8,0.431032,11.1656
15.9,0.423907,11.1758
16,0.416901,11.1859
16.1,0.41001,11.1959
16.2,0.403233,11.2059
16.3,0.396568,11.2157
16.4,0.390014,11.2254
16.5,0.383567,11.2351
16.6,0.377227,11.2446
16.7,0.370992,11.254
16.8,0.36486,11.2634
16.9,0.35883,11.2727
17,0.352899,11.2818
17.1,0.347066,11.2909
17.2,0.341329,11.2999
17.3,0.335688,11.3088
17.4,0.330139,11.3176
17.5,0.324683,11.3263
17.6,0.319316,11.335
17.7,0.314038,11.3435
17.8,0.308848,11.3519
17.9,0.303743,11.3603
18,0.298722,11.3685
18.1,0.293785,11.3767
18.2,0.288929,11.3848
18.3,0.284154,11.3928
18.4,0.279457,11.4007
18.5,0.274838,11.4086
18.6,0.270295,11.4163
18.7,0.265828,11.424
18.8,0.261434,11.4315
18.9,0.257113,11.439
19,0.252863,11.4464
19.1,0.248684,11.4537
19.2,0.244573,11.461
19.3,0.240531,11.4681
19.4,0.236555,11.4752
19.5,0.232645,11.4822
19.6,0.2288,11.4891
19.7,0.225018,11.4959
19.8,0.221299,11.5027
19.9,0.217641,11.5093
20,0.214044,11.5159
20.1,0.210506,11.5225
20.2,0.207027,11.5289
20.3,0.203605,11.5353
20.4,0.20024,11.5416
20.5,0.19693,11.5478
20.6,0.193675,11.5539
20.7,0.190474,11.56
20.8,0.187326,11.566
20.9,0.184229,11.5719
21,0.181184,11.5777
21.1,0.17819,11.5835
21.2,0.175244,11.5892
21.3,0.172348,11.5949
21.4,0.169499,11.6004
21.5,0.166698,11.6059
21.6,0.163942,11.6114
21.7,0.161233,11.6167
21.8,0.158568,11.622
21.9,0.155947,11.6272
22,0.153369,11.6324
22.1,0.150834,11.6375
22.2,0.148341,11.6426
22.3,0.145889,11.6475
22.4,0.143478,11.6524
22.5,0.141106,11.6573
22.6,0.138774,11.6621
22.7,0.13648,11.6668
22.8,0.134225,11.6715
22.9,0.132006,11.6761
23,0.129824,11.6806
23.1,0.127678,11.6851
23.2,0.125568,11.6895
23.3,0.123493,11.6939
23.4,0.121451,11.6982
23.5,0.119444,11.7025
23.6,0.11747,11.7067
23.7,0.115528,11.7109
23.8,0.113619,11.715
23.9,0.111741,11.719
24,0.109894,11.723
24.1,0.108077,11.7269
24.2,0.106291,11.7308
24.3,0.104534,11.7347
24.4,0.102806,11.7384
24.5,0.101107,11.7422
24.6,0.0994361,11.7459
24.7,0.0977925,11.7495
24.8,0.0961762,11.7531
24.9,0.0945865,11.7566
25,0.0930231,11.7601
25.1,0.0914856,11.7636
25.2,0.0899735,11.767
25.3,0.0884863,11.7703
25.4,0.0870238,11.7736
25.5,0.0855854,11.7769
25.6,0.0841708,11.7801
25.7,0.0827796,11.7833
25.8,0.0814114,11.7864
25.9,0.0800657,11.7895
26,0.0787424,11.7926
26.1,0.0774409,11.7956
26.2,0.0761609,11.7986
26.3,0.0749021,11.8015
26.4,0.073664,11.8044
26.5,0.0724465,11.8072
26.6,0.071249,11.81
26.7,0.0700714,11.8128
26.8,0.0689132,11.8155
26.9,0.0677742,11.8182
27,0.066654,11.8209
27.1,0.0655523,11.8235
27.2,0.0644688,11.8261
27.3,0.0634032,11.8286
27.4,0.0623553,11.8312
27.5,0.0613246,11.8336
27.6,0.060311,11.8361
27.7,0.0593142,11.8385
27.8,0.0583338,11.8409
27.9,0.0573696,11.8432
28,0.0564214,11.8455
28.1,0.0554888,11.8478
28.2,0.0545717,11.85
28.3,0.0536697,11.8523
28.4,0.0527826,11.8544
28.5,0.0519102,11.8566
28.6,0.0510522,11.8587
28.7,0.0502084,11.8608
28.8,0.0493785,11.8629
28.9,0.0485623,11.8649
29,0.0477597,11.8669
29.1,0.0469703,11.8689
29.2,0.0461939,11.8708
29.3,0.0454304,11.8728
29.4,0.0446795,11.8746
29.5,0.043941,11.8765
29.6,0.0432147,11.8784
29.7,0.0425005,11.8802
29.8,0.041798,11.882
29.9,0.0411071,11.8837
30,0.0404277,11.8855
30.1,0.0397595,11.8872
30.2,0.0391023,11.8889
30.3,0.038456,11.8905
30.4,0.0378204,11.8922
30.5,0.0371953,11.8938
30.6,0.0365805,11.8954
30.7,0.0359759,11.8969
30.8,0.0353812,11.8985
30.9,0.0347964,11.9
31,0.0342213,11.9015
31.1,0.0336557,11.903
31.2,0.0330994,11.9045
31.3,0.0325523,11.9059
31.4,0.0320143,11.9073
31.5,0.0314851,11.9087
31.6,0.0309647,11.9101
31.7,0.0304529,11.9114
31.8,0.0299496,11.9128
31.9,0.0294545,11.9141
32,0.0289677,11.9154
32.1,0.0284889,11.9167
32.2,0.028018,11.9179
32.3,0.0275549,11.9192
32.4,0.0270995,11.9204
32.5,0.0266516,11.9216
32.6,0.0262111,11.9228
32.7,0.0257778,11.924
32.8,0.0253518,11.9251
32.9,0.0249327,11.9263
33,0.0245206,11.9274
33.1,0.0241153,11.9285
33.2,0.0237167,11.9296
33.3,0.0233247,11.9307
33.4,0.0229392,11.9317
33.5,0.0225601,11.9327
33.6,0.0221872,11.9338
33.7,0.0218205,11.9348
33.8,0.0214598,11.9358
33.9,0.0211051,11.9368
34,0.0207563,11.9377
34.1,0.0204132,11.9387
34.2,0.0200758,11.9396
34.3,0.019744,11.9405
34.4,0.0194176,11.9414
34.5,0.0190967,11.9423
34.6,0.018781,11.9432
34.7,0.0184706,11.9441
34.8,0.0181653,11.945
34.9,0.0178651,11.9458
35,0.0175698,11.9466
35.1,0.0172794,11.9474
35.2,0.0169938,11.9483
35.3,0.0167129,11.949
35.4,0.0164367,11.9498
35.5,0.016165,11.9506
35.6,0.0158978,11.9514
35.7,0.015635,11.9521
35.8,0.0153766,11.9528
35.9,0.0151225,11.9536
36,0.0148725,11.9543
36.1,0.0146267,11.955
36.2,0.0143849,11.9557
36.3,0.0141472,11.9564
36.4,0.0139133,11.957
36.5,0.0136834,11.9577
36.6,0.0134572,11.9584
36.7,0.0132348,11.959
36.8,0.013016,11.9596
36.9,0.0128009,11.9603
37,0.0125893,11.9609
37.1,0.0123812,11.9615
37.2,0.0121766,11.9621
37.3,0.0119753,11.9627
37.4,0.0117774,11.9632
37.5,0.0115827,11.9638
37.6,0.0113913,11.9644
37.7,0.011203,11.9649
37.8,0.0110178,11.9655
37.9,0.0108357,11.966
38,0.0106566,11.9665
38.1,0.0104805,11.9671
38.2,0.0103073,11.9676
38.3,0.0101369,11.9681
38.4,0.00996934,11.9686
38.5,0.00980456,11.9691
38.6,0.00964251,11.9695
38.7,0.00948313,11.97
38.8,0.00932639,11.9705
38.9,0.00917224,11.9709
39,0.00902064,11.9714
39.1,0.00887154,11.9718
39.2,0.0087249,11.9723
39.3,0.00858069,11.9727
39.4,0.00843887,11.9731
39.5,0.00829938,11.9735
39.6,0.00816221,11.974
39.7,0.0080273,11.9744
39.8,0.00789462,11.9748
39.9,0.00776413,11.9752
40,0.0076358,11.9756
40.1,0.00750959,11.9759
40.2,0.00738547,11.9763
40.3,0.0072634,11.9767
40.4,0.00714335,11.977
40.5,0.00702528,11.9774
40.6,0.00690916,11.9778
40.7,0.00679496,11.9781
40.8,0.00668265,11.9784
40.9,0.0065722,11.9788
41,0.00646357,11.9791
41.1,0.00635673,11.9794
41.2,0.00625167,11.9798
41.3,0.00614834,11.9801
41.4,0.00604671,11.9804
41.5,0.00594677,11.9807
41.6,0.00584848,11.981
41.7,0.00575181,11.9813
41.8,0.00565674,11.9816
41.9,0.00556324,11.9819
42,0.00547129,11.9822
42.1,0.00538086,11.9825
42.2,0.00529192,11.9827
42.3,0.00520445,11.983
42.4,0.00511843,11.9833
42.5,0.00503383,11.9835
42.6,0.00495063,11.9838
42.7,0.0048688,11.984
42.8,0.00478833,11.9843
42.9,0.00470918,11.9845
43,0.00463135,11.9848
43.1,0.0045548,11.985
43.2,0.00447951,11.9853
43.3,0.00440547,11.9855
43.4,0.00433266,11.9857
43.5,0.00426105,11.9859
43.6,0.00419062,11.9862
43.7,0.00412135,11.9864
43.8,0.00405323,11.9866
43.9,0.00398624,11.9868
44,0.00392035,11.987
44.1,0.00385555,11.9872
44.2,0.00379183,11.9874
44.3,0.00372915,11.9876
44.4,0.00366752,11.9878
44.5,0.0036069,11.988
44.6,0.00354728,11.9882
44.7,0.00348865,11.9884
44.8,0.00343099,11.9886
44.9,0.00337428,11.9888
45,0.00331851,11.9889
45.1,0.00326366,11.9891
45.2,0.00320971,11.9893
45.3,0.00315666,11.9895
45.4,0.00310449,11.9896
45.5,0.00305317,11.9898
45.6,0.00300271,11.9899
45.7,0.00295308,11.9901
45.8,0.00290427,11.9903
45.9,0.00285626,11.9904
46,0.00280905,11.9906
46.1,0.00276263,11.9907
46.2,0.00271696,11.9909
46.3,0.00267206,11.991
46.4,0.00262789,11.9912
46.5,0.00258446,11.9913
46.6,0.00254174,11.9914
46.7,0.00249973,11.9916
46.8,0.00245841,11.9917
46.9,0.00241778,11.9918
47,0.00237781,11.992
47.1,0.00233851,11.9921
47.2,0.00229986,11.9922
47.3,0.00226185,11.9923
47.4,0.00222446,11.9925
47.5,0.00218769,11.9926
47.6,0.00215153,11.9927
47.7,0.00211597,11.9928
47.8,0.002081,11.9929
47.9,0.0020466,11.993
48,0.00201278,11.9932
48.1,0.00197951,11.9933
48.2,0.00194679,11.9934
48.3,0.00191461,11.9935
48.4,0.00188297,11.9936
48.5,0.00185184,11.9937
48.6,0.00182123,11.9938
48.7,0.00179113,11.9939
48.8,0.00176153,11.994
48.9,0.00173241,11.9941
49,0.00170378,11.9942
49.1,0.00167562,11.9943
49.2,0.00164792,11.9944
49.3,0.00162068,11.9944
49.4,0.0015939,11.9945
49.5,0.00156755,11.9946
49.6,0.00154164,11.9947
49.7,0.00151616,11.9948
49.8,0.0014911,11.9949
49.9,0.00146646,11.995
50,0.00144222,11.995
50.1,0.00141838,11.9951
50.2,0.00139494,11.9952
50.3,0.00137188,11.9953
50.4,0.0013492,11.9953
50.5,0.0013269,11.9954
50.6,0.00130497,11.9955
50.7,0.0012834,11.9956
50.8,0.00126219,11.9956
50.9,0.00124133,11.9957
51,0.00122081,11.9958
51.1,0.00120063,11.9958
51.2,0.00118079,11.9959
51.3,0.00116127,11.996
51.4,0.00114208,11.996
51.5,0.0011232,11.9961
51.6,0.00110463,11.9962
51.7,0.00108638,11.9962
51.8,0.00106842,11.9963
51.9,0.00105076,11.9963
52,0.00103339,11.9964
52.1,0.00101631,11.9965
52.2,0.000999515,11.9965
52.3,0.000982994,11.9966
52.4,0.000966747,11.9966
52.5,0.000950768,11.9967
52.6,0.000935053,11.9967
52.7,0.000919598,11.9968
52.8,0.000904398,11.9968
52.9,0.00088945,11.9969
53,0.000874749,11.9969
53.1,0.00086029,11.997
53.2,0.000846071,11.997
53.3,0.000832087,11.9971
53.4,0.000818334,11.9971
53.5,0.000804808,11.9972
53.6,0.000791505,11.9972
53.7,0.000778423,11.9973
53.8,0.000765557,11.9973
53.9,0.000752903,11.9974
54,0.000740459,11.9974
54.1,0.00072822,11.9974
54.2,0.000716184,11.9975
54.3,0.000704346,11.9975
54.4,0.000692704,11.9976
54.5,0.000681255,11.9976
54.6,0.000669995,11.9976
54.7,0.000658921,11.9977
54.8,0.00064803,11.9977
54.9,0.000637319,11.9978
55,0.000626785,11.9978
55.1,0.000616425,11.9978
55.2,0.000606236,11.9979
55.3,0.000596216,11.9979
55.4,0.000586362,11.9979
55.5,0.00057667,11.998
55.6,0.000567138,11.998
55.7,0.000557764,11.998
55.8,0.000548545,11.9981
55.9,0.000539479,11.9981
56,0.000530562,11.9981
56.1,0.000521793,11.9982
56.2,0.000513168,11.9982
56.3,0.000504686,11.9982
56.4,0.000496344,11.9982
56.5,0.000488141,11.9983
56.6,0.000480072,11.9983
56.7,0.000472137,11.9983
56.8,0.000464334,11.9984
56.9,0.000456659,11.9984
57,0.000449111,11.9984
57.1,0.000441688,11.9984
57.2,0.000434387,11.9985
57.3,0.000427208,11.9985
57.4,0.000420146,11.9985
57.5,0.000413202,11.9985
57.6,0.000406372,11.9986
57.7,0.000399656,11.9986
57.8,0.00039305,11.9986
57.9,0.000386553,11.9986
58,0.000380164,11.9986
58.1,0.000373881,11.9987
58.2,0.000367701,11.9987
58.3,0.000361623,11.9987
58.4,0.000355646,11.9987
58.5,0.000349768,11.9987
58.6,0.000343987,11.9988
58.7,0.000338301,11.9988
58.8,0.00033271,11.9988
58.9,0.00032721,11.9988
59,0.000321802,11.9988
59.1,0.000316483,11.9989
59.2,0.000311252,11.9989
59.3,0.000306108,11.9989
59.4,0.000301048,11.9989
59.5,0.000296072,11.9989
59.6,0.000291179,11.999
59.7,0.000286366,11.999
59.8,0.000281633,11.999
59.9,0.000276978,11.999
60,0.0002724,11.999
60.1,0.000267897,11.999
60.2,0.000263469,11.9991
60.3,0.000259114,11.9991
60.4,0.000254832,11.9991
60.5,0.00025062,11.9991
60.6,0.000246477,11.9991
60.7,0.000242403,11.9991
60.8,0.000238397,11.9991
60.9,0.000234456,11.9992
61,0.000230581,11.9992
61.1,0.00022677,11.9992
61.2,0.000223022,11.9992
61.3,0.000219336,11.9992
61.4,0.00021571,11.9992
61.5,0.000212145,11.9992
61.6,0.000208639,11.9992
61.7,0.00020519,11.9993
61.8,0.000201799,11.9993
61.9,0.000198463,11.9993
62,0.000195183,11.9993
62.1,0.000191957,11.9993
62.2,0.000188784,11.9993
62.3,0.000185664,11.9993
62.4,0.000182595,11.9993
62.5,0.000179577,11.9993
62.6,0.000176609,11.9994
62.7,0.00017369,11.9994
62.8,0.000170819,11.9994
62.9,0.000167995,11.9994
63,0.000165219,11.9994
63.1,0.000162488,11.9994
63.2,0.000159802,11.9994
63.3,0.000157161,11.9994
63.4,0.000154563,11.9994
63.5,0.000152009,11.9994
63.6,0.000149496,11.9995
63.7,0.000147025,11.9995
63.8,0.000144595,11.9995
63.9,0.000142205,11.9995
64,0.000139855,11.9995
64.1,0.000137543,11.9995
64.2,0.00013527,11.9995
64.3,0.000133034,11.9995
64.4,0.000130835,11.9995
64.5,0.000128672,11.9995
64.6,0.000126546,11.9995
64.7,0.000124454,11.9995
64.8,0.000122397,11.9996
64.9,0.000120374,11.9996
65,0.000118384,11.9996
65.1,0.000116428,11.9996
65.2,0.000114503,11.9996
65.3,0.000112611,11.9996
65.4,0.000110749,11.9996
65.5,0.000108919,11.9996
65.6,0.000107119,11.9996
65.7,0.000105348,11.9996
65.8,0.000103607,11.9996
65.9,0.000101894,11.9996
66,0.00010021,11.9996
66.1,9.85539e-05,11.9996
66.2,9.69249e-05,11.9996
66.3,9.53229e-05,11.9997
66.4,9.37473e-05,11.9997
66.5,9.21978e-05,11.9997
66.6,9.06739e-05,11.9997
66.7,8.91752e-05,11.9997
66.8,8.77013e-05,11.9997
66.9,8.62517e-05,11.9997
67,8.48261e-05,11.9997
67.1,8.34241e-05,11.9997
67.2,8.20452e-05,11.9997
67.3,8.06891e-05,11.9997
67.4,7.93554e-05,11.9997
67.5,7.80438e-05,11.9997
67.6,7.67538e-05,11.9997
67.7,7.54852e-05,11.9997
67.8,7.42375e-05,11.9997
67.9,7.30105e-05,11.9997
68,7.18037e-05,11.9997
68.1,7.06169e-05,11.9997
68.2,6.94497e-05,11.9997
68.3,6.83018e-05,11.9997
68.4,6.71729e-05,11.9998
68.5,6.60626e-05,11.9998
68.6,6.49707e-05,11.9998
68.7,6.38968e-05,11.9998
68.8,6.28407e-05,11.9998
68.9,6.18021e-05,11.9998
69,6.07806e-05,11.9998
69.1,5.97759e-05,11.9998
69.2,5.87879e-05,11.9998
69.3,5.78163e-05,11.9998
69.4,5.68606e-05,11.9998
69.5,5.59208e-05,11.9998
69.6,5.49965e-05,11.9998
69.7,5.40875e-05,11.9998
69.8,5.31935e-05,11.9998
69.9,5.23143e-05,11.9998
70,5.14496e-05,11.9998
70.1,5.05992e-05,11.9998
70.2,4.97629e-05,11.9998
70.3,4.89404e-05,11.9998
70.4,4.81315e-05,11.9998
70.5,4.73359e-05,11.9998
70.6,4.65536e-05,11.9998
70.7,4.57841e-05,11.9998
70.8,4.50273e-05,11.9998
70.9,4.42831e-05,11.9998
71,4.35512e-05,11.9998
71.1,4.28313e-05,11.9998
71.2,4.21234e-05,11.9998
71.3,4.14272e-05,11.9998
71.4,4.07424e-05,11.9998
71.5,4.0069e-05,11.9999
71.6,3.94067e-05,11.9999
71.7,3.87554e-05,11.9999
71.8,3.81148e-05,11.9999
71.9,3.74848e-05,11.9999
72,3.68653e-05,11.9999
72.1,3.62559e-05,11.9999
72.2,3.56567e-05,11.9999
72.3,3.50673e-05,11.9999
72.4,3.44877e-05,11.9999
72.5,3.39177e-05,11.9999
72.6,3.33571e-05,11.9999
72.7,3.28057e-05,11.9999
72.8,3.22635e-05,11.9999
72.9,3.17302e-05,11.9999
73,3.12058e-05,11.9999
73.1,3.069e-05,11.9999
73.2,3.01827e-05,11.9999
73.3,2.96839e-05,11.9999
73.4,2.91932e-05,11.9999
73.5,2.87107e-05,11.9999
73.6,2.82362e-05,11.9999
73.7,2.77695e-05,11.9999
73.8,2.73105e-05,11.9999
73.9,2.68591e-05,11.9999
74,2.64151e-05,11.9999
74.1,2.59785e-05,11.9999
74.2,2.55491e-05,11.9999
74.3,2.51268e-05,11.9999
74.4,2.47115e-05,11.9999
74.5,2.43031e-05,11.9999
74.6,2.39014e-05,11.9999
74.7,2.35063e-05,11.9999
74.8,2.31178e-05,11.9999
74.9,2.27357e-05,11.9999
75,2.23599e-05,11.9999
75.1,2.19903e-05,11.9999
75.2,2.16269e-05,11.9999
75.3,2.12694e-05,11.9999
75.4,2.09179e-05,11.9999
75.5,2.05721e-05,11.9999
75.6,2.02321e-05,11.9999
75.7,1.98977e-05,11.9999
75.8,1.95688e-05,11.9999
75.9,1.92454e-05,11.9999
76,1.89273e-05,11.9999
76.1,1.86144e-05,11.9999
76.2,1.83068e-05,11.9999
76.3,1.80042e-05,11.9999
76.4,1.77066e-05,11.9999
76.5,1.74139e-05,11.9999
76.6,1.71261e-05,11.9999
76.7,1.6843e-05,11.9999
76.8,1.65646e-05,11.9999
76.9,1.62908e-05,11.9999
77,1.60216e-05,11.9999
77.1,1.57568e-05,11.9999
77.2,1.54963e-05,11.9999
77.3,1.52402e-05,11.9999
77.4,1.49883e-05,11.9999
77.5,1.47406e-05,11.9999
77.6,1.44969e-05,11.9999
77.7,1.42573e-05,11.9999
77.8,1.40217e-05,11.9999
77.9,1.37899e-05,11.9999
78,1.3562e-05,11.9999
78.1,1.33378e-05,12
78.2,1.31174e-05,12
78.3,1.29006e-05,12
78.4,1.26873e-05,12
78.5,1.24776e-05,12
78.6,1.22714e-05,12
78.7,1.20686e-05,12
78.8,1.18691e-05,12
78.9,1.16729e-05,12
79,1.148e-05,12
79.1,1.12902e-05,12
79.2,1.11036e-05,12
79.3,1.09201e-05,12
79.4,1.07396e-05,12
79.5,1.05621e-05,12
79.6,1.03875e-05,12
79.7,1.02158e-05,12
79.8,1.0047e-05,12
79.9,9.8809e-06,12
80,9.71758e-06,12
80.1,9.55696e-06,12
80.2,9.399e-06,12
80.3,9.24365e-06,12
80.4,9.09086e-06,12
80.5,8.94061e-06,12
80.6,8.79283e-06,12
80.7,8.6475e-06,12
80.8,8.50457e-06,12
80.9,8.364e-06,12
81,8.22575e-06,12
81.1,8.08979e-06,12
81.2,7.95608e-06,12
81.3,7.82458e-06,12
81.4,7.69525e-06,12
81.5,7.56806e-06,12
81.6,7.44297e-06,12
81.7,7.31995e-06,12
81.8,7.19896e-06,12
81.9,7.07997e-06,12
82,6.96295e-06,12
82.1,6.84786e-06,12
82.2,6.73468e-06,12
82.3,6.62336e-06,12
82.4,6.51389e-06,12
82.5,6.40622e-06,12
82.6,6.30034e-06,12
82.7,6.1962e-06,12
82.8,6.09379e-06,12
82.9,5.99307e-06,12
83,5.89401e-06,12
83.1,5.79659e-06,12
83.2,5.70078e-06,12
83.3,5.60656e-06,12
83.4,5.51389e-06,12
83.5,5.42275e-06,12
83.6,5.33312e-06,12
83.7,5.24497e-06,12
83.8,5.15828e-06,12
83.9,5.07302e-06,12
84,4.98917e-06,12
84.1,4.90671e-06,12
84.2,4.82561e-06,12
84.3,4.74585e-06,12
84.4,4.66741e-06,12
84.5,4.59026e-06,12
84.6,4.51439e-06,12
84.7,4.43977e-06,12
84.8,4.36639e-06,12
84.9,4.29422e-06,12
85,4.22324e-06,12
85.1,4.15344e-06,12
85.2,4.08479e-06,12
85.3,4.01727e-06,12
85.4,3.95087e-06,12
85.5,3.88557e-06,12
85.6,3.82135e-06,12
85.7,3.75819e-06,12
85.8,3.69607e-06,12
85.9,3.63498e-06,12
86,3.5749e-06,12
86.1,3.51581e-06,12
86.2,3.4577e-06,12
86.3,3.40055e-06,12
86.4,3.34434e-06,12
86.5,3.28907e-06,12
86.6,3.2347e-06,12
86.7,3.18124e-06,12
86.8,3.12866e-06,12
86.9,3.07694e-06,12
87,3.02609e-06,12
87.1,2.97607e-06,12
87.2,2.92688e-06,12
87.3,2.8785e-06,12
87.4,2.83092e-06,12
87.5,2.78413e-06,12
87.6,2.73812e-06,12
87.7,2.69286e-06,12
87.8,2.64835e-06,12
87.9,2.60458e-06,12
88,2.56153e-06,12
88.1,2.51919e-06,12
88.2,2.47755e-06,12
88.3,2.4366e-06,12
88.4,2.39633e-06,12
88.5,2.35672e-06,12
88.6,2.31777e-06,12
88.7,2.27946e-06,12
88.8,2.24178e-06,12
88.9,2.20473e-06,12
89,2.16829e-06,12
89.1,2.13245e-06,12
89.2,2.0972e-06,12
89.3,2.06254e-06,12
89.4,2.02845e-06,12
89.5,1.99492e-06,12
89.6,1.96195e-06,12
89.7,1.92952e-06,12
89.8,1.89763e-06,12
89.9,1.86626e-06,12
90,1.83541e-06,12
90.1,1.80508e-06,12
90.2,1.77524e-06,12
90.3,1.7459e-06,12
90.4,1.71704e-06,12
90.5,1.68866e-06,12
90.6,1.66075e-06,12
90.7,1.6333e-06,12
90.8,1.60631e-06,12
90.9,1.57976e-06,12
91,1.55364e-06,12
91.1,1.52796e-06,12
91.2,1.50271e-06,12
91.3,1.47787e-06,12
91.4,1.45345e-06,12
91.5,1.42942e-06,12
91.6,1.4058e-06,12
91.7,1.38256e-06,12
91.8,1.35971e-06,12
91.9,1.33723e-06,12
92,1.31513e-06,12
92.1,1.29339e-06,12
92.2,1.27202e-06,12
92.3,1.25099e-06,12
92.4,1.23031e-06,12
92.5,1.20998e-06,12
92.6,1.18998e-06,12
92.7,1.17031e-06,12
92.8,1.15097e-06,12
92.9,1.13194e-06,12
93,1.11323e-06,12
93.1,1.09483e-06,12
93.2,1.07674e-06,12
93.3,1.05894e-06,12
93.4,1.04144e-06,12
93.5,1.02423e-06,12
93.6,1.0073e-06,12
93.7,9.90647e-07,12
93.8,9.74273e-07,12
93.9,9.5817e-07,12
94,9.42333e-07,12
94.1,9.26758e-07,12
94.2,9.1144e-07,12
94.3,8.96375e-07,12
94.4,8.81559e-07,12
94.5,8.66988e-07,12
94.6,8.52658e-07,12
94.7,8.38565e-07,12
94.8,8.24705e-07,12
94.9,8.11073e-07,12
95,7.97668e-07,12
95.1,7.84483e-07,12
95.2,7.71517e-07,12
95.3,7.58765e-07,12
95.4,7.46224e-07,12
95.5,7.3389e-07,12
95.6,7.21759e-07,12
95.7,7.0983e-07,12
95.8,6.98097e-07,12
95.9,6.86559e-07,12
96,6.75211e-07,12
96.1,6.64051e-07,12
96.2,6.53075e-07,12
96.3,6.42281e-07,12
96.4,6.31665e-07,12
96.5,6.21224e-07,12
96.6,6.10956e-07,12
96.7,6.00858e-07,12
96.8,5.90927e-07,12
96.9,5.8116e-07,12
97,5.71554e-07,12
97.1,5.62107e-07,12
97.2,5.52816e-07,12
97.3,5.43679e-07,12
97.4,5.34693e-07,12
97.5,5.25855e-07,12
97.6,5.17163e-07,12
97.7,5.08615e-07,12
97.8,5.00209e-07,12
97.9,4.91941e-07,12
98,4.8381e-07,12
98.1,4.75813e-07,12
98.2,4.67949e-07,12
98.3,4.60214e-07,12
98.4,4.52608e-07,12
98.5,4.45127e-07,12
98.6,4.37769e-07,12
98.7,4.30534e-07,12
98.8,4.23417e-07,12
98.9,4.16419e-07,12
99,4.09536e-07,12
99.1,4.02767e-07,12
99.2,3.9611e-07,12
99.3,3.89563e-07,12
99.4,3.83124e-07,12
99.5,3.76791e-07,12
99.6,3.70564e-07,12
99.7,3.64439e-07,12
99.8,3.58415e-07,12
99.9,3.52491e-07,12
100,3.46665e-07,12
100.1,3.40935e-07,12
100.2,3.353e-07,12
100.3,3.29758e-07,12
100.4,3.24307e-07,12
100.5,3.18947e-07,12
100.6,3.13675e-07,12
100.7,3.08491e-07,12
100.8,3.03392e-07,12
100.9,2.98377e-07,12
101,2.93446e-07,12
101.1,2.88595e-07,12
101.2,2.83825e-07,12
101.3,2.79134e-07,12
101.4,2.7452e-07,12
101.5,2.69983e-07,12
101.6,2.6552e-07,12
101.7,2.61132e-07,12
101.8,2.56816e-07,12
101.9,2.52571e-07,12
102,2.48396e-07,12
102.1,2.44291e-07,12
102.2,2.40253e-07,12
102.3,2.36282e-07,12
102.4,2.32376e-07,12
102.5,2.28536e-07,12
102.6,2.24758e-07,12
102.7,2.21043e-07,12
102.8,2.1739e-07,12
102.9,2.13797e-07,12
103,2.10263e-07,12
103.1,2.06788e-07,12
103.2,2.0337e-07,12
103.3,2.00008e-07,12
103.4,1.96702e-07,12
103.5,1.93451e-07,12
103.6,1.90254e-07,12
103.7,1.87109e-07,12
103.8,1.84016e-07,12
103.9,1.80975e-07,12
104,1.77984e-07,12
104.1,1.75042e-07,12
104.2,1.72149e-07,12
104.3,1.69303e-07,12
104.4,1.66505e-07,12
104.5,1.63753e-07,12
104.6,1.61046e-07,12
104.7,1.58384e-07,12
104.8,1.55767e-07,12
104.9,1.53192e-07,12
105,1.5066e-07,12
105.1,1.4817e-07,12
105.2,1.45721e-07,12
105.3,1.43312e-07,12
105.4,1.40943e-07,12
105.5,1.38614e-07,12
105.6,1.36323e-07,12
105.7,1.3407e-07,12
105.8,1.31854e-07,12
105.9,1.29674e-07,12
106,1.27531e-07,12
106.1,1.25423e-07,12
106.2,1.2335e-07,12
106.3,1.21311e-07,12
106.4,1.19306e-07,12
106.5,1.17334e-07,12
106.6,1.15395e-07,12
106.7,1.13487e-07,12
106.8,1.11612e-07,12
106.9,1.09767e-07,12
107,1.07953e-07,12
107.1,1.06168e-07,12
107.2,1.04413e-07,12
107.3,1.02688e-07,12
107.4,1.0099e-07,12
107.5,9.93212e-08,12
107.6,9.76795e-08,12
107.7,9.6065e-08,12
107.8,9.44772e-08,12
107.9,9.29156e-08,12
108,9.13799e-08,12
108.1,8.98695e-08,12
108.2,8.83841e-08,12
108.3,8.69232e-08,12
108.4,8.54865e-08,12
108.5,8.40735e-08,12
108.6,8.26839e-08,12
108.7,8.13173e-08,12
108.8,7.99732e-08,12
108.9,7.86514e-08,12
109,7.73514e-08,12
109.1,7.60729e-08,12
109.2,7.48155e-08,12
109.3,7.35789e-08,12
109.4,7.23628e-08,12
109.5,7.11667e-08,12
109.6,6.99904e-08,12
109.7,6.88336e-08,12
109.8,6.76959e-08,12
109.9,6.6577e-08,12
110,6.54765e-08,12
110.1,6.43943e-08,12
110.2,6.333e-08,12
110.3,6.22832e-08,12
110.4,6.12538e-08,12
110.5,6.02413e-08,12
110.6,5.92456e-08,12
110.7,5.82664e-08,12
110.8,5.73033e-08,12
110.9,5.63562e-08,12
111,5.54247e-08,12
111.1,5.45086e-08,12
111.2,5.36077e-08,12
111.3,5.27216e-08,12
111.4,5.18502e-08,12
111.5,5.09932e-08,12
111.6,5.01503e-08,12
111.7,4.93214e-08,12
111.8,4.85062e-08,12
111.9,4.77045e-08,12
112,4.6916e-08,12
112.1,4.61405e-08,12
112.2,4.53779e-08,12
112.3,4.46279e-08,12
112.4,4.38902e-08,12
112.5,4.31648e-08,12
112.6,4.24513e-08,12
112.7,4.17497e-08,12
112.8,4.10596e-08,12
112.9,4.0381e-08,12
113,3.97135e-08,12
113.1,3.90571e-08,12
113.2,3.84116e-08,12
113.3,3.77767e-08,12
113.4,3.71523e-08,12
113.5,3.65382e-08,12
113.6,3.59343e-08,12
113.7,3.53403e-08,12
113.8,3.47562e-08,12
113.9,3.41818e-08,12
114,3.36168e-08,12
114.1,3.30611e-08,12
114.2,3.25147e-08,12
114.3,3.19773e-08,12
114.4,3.14487e-08,12
114.5,3.09289e-08,12
114.6,3.04177e-08,12
114.7,2.9915e-08,12
114.8,2.94205e-08,12
114.9,2.89342e-08,12
115,2.8456e-08,12
115.1,2.79857e-08,12
115.2,2.75231e-08,12
115.3,2.70682e-08,12
115.4,2.66208e-08,12
115.5,2.61808e-08,12
115.6,2.5748e-08,12
115.7,2.53225e-08,12
115.8,2.49039e-08,12
115.9,2.44923e-08,12
116,2.40875e-08,12
116.1,2.36893e-08,12
116.2,2.32978e-08,12
116.3,2.29127e-08,12
116.4,2.2534e-08,12
116.5,2.21615e-08,12
116.6,2.17952e-08,12
116.7,2.1435e-08,12
116.8,2.10807e-08,12
116.9,2.07323e-08,12
117,2.03896e-08,12
117.1,2.00526e-08,12
117.2,1.97212e-08,12
117.3,1.93952e-08,12
117.4,1.90746e-08,12
117.5,1.87593e-08,12
117.6,1.84493e-08,12
117.7,1.81443e-08,12
117.8,1.78444e-08,12
117.9,1.75495e-08,12
118,1.72594e-08,12
118.1,1.69742e-08,12
118.2,1.66936e-08,12
118.3,1.64177e-08,12
118.4,1.61463e-08,12
118.5,1.58794e-08,12
118.6,1.5617e-08,12
118.7,1.53589e-08,12
118.8,1.5105e-08,12
118.9,1.48553e-08,12
119,1.46098e-08,12
119.1,1.43683e-08,12
119.2,1.41308e-08,12
119.3,1.38973e-08,12
119.4,1.36676e-08,12
119.5,1.34417e-08,12
119.6,1.32195e-08,12
119.7,1.3001e-08,12
119.8,1.27861e-08,12
119.9,1.25748e-08,12
120,1.23669e-08,12
